JacobName,Project,Strain,Treatment,Group,Run,SRAName,ReadDir,JacobName2,SRAName2,JacobFile,SRAFile,TrimmedPath,FilteredPath,DerepPath
HPLOH_Crash_Wild_Starve_B_Crash4,Crash,Wild,Starve,B,Crash4,SRR15066673,1,HPLOH_Crash_Wild_Starve_B_Crash4_R1,SRR15066673_1,HPLOH_Crash_Wild_Starve_B_Crash4_R1.fastq.gz,SRR15066673_1.fastq.gz,Trimmed/HPLOH_Crash_Wild_Starve_B_Crash4_R1_trimmed.fastq.gz,Filtered/HPLOH_Crash_Wild_Starve_B_Crash4_R1_filtered.fastq.gz,Derep/HPLOH_Crash_Wild_Starve_B_Crash4_R1_derep.fastq.gz
HPLOH_Crash_Wild_Starve_B_Crash4,Crash,Wild,Starve,B,Crash4,SRR15066673,2,HPLOH_Crash_Wild_Starve_B_Crash4_R2,SRR15066673_2,HPLOH_Crash_Wild_Starve_B_Crash4_R2.fastq.gz,SRR15066673_2.fastq.gz,Trimmed/HPLOH_Crash_Wild_Starve_B_Crash4_R2_trimmed.fastq.gz,Filtered/HPLOH_Crash_Wild_Starve_B_Crash4_R2_filtered.fastq.gz,Derep/HPLOH_Crash_Wild_Starve_B_Crash4_R2_derep.fastq.gz
HPLOH_NoCrash_NA_Larvac__NoCrash,NoCrash,"NA",Larvac,,NoCrash,SRR15066681,1,HPLOH_NoCrash_NA_Larvac__NoCrash_R1,SRR15066681_1,HPLOH_NoCrash_NA_Larvac__NoCrash_R1.fastq.gz,SRR15066681_1.fastq.gz,Trimmed/HPLOH_NoCrash_NA_Larvac__NoCrash_R1_trimmed.fastq.gz,Filtered/HPLOH_NoCrash_NA_Larvac__NoCrash_R1_filtered.fastq.gz,Derep/HPLOH_NoCrash_NA_Larvac__NoCrash_R1_derep.fastq.gz
HPLOH_NoCrash_NA_Larvac__NoCrash,NoCrash,"NA",Larvac,,NoCrash,SRR15066681,2,HPLOH_NoCrash_NA_Larvac__NoCrash_R2,SRR15066681_2,HPLOH_NoCrash_NA_Larvac__NoCrash_R2.fastq.gz,SRR15066681_2.fastq.gz,Trimmed/HPLOH_NoCrash_NA_Larvac__NoCrash_R2_trimmed.fastq.gz,Filtered/HPLOH_NoCrash_NA_Larvac__NoCrash_R2_filtered.fastq.gz,Derep/HPLOH_NoCrash_NA_Larvac__NoCrash_R2_derep.fastq.gz
HPLOH_Crash_Wild_Pre_A_Crash4,Crash,Wild,Pre,A,Crash4,SRR15066682,1,HPLOH_Crash_Wild_Pre_A_Crash4_R1,SRR15066682_1,HPLOH_Crash_Wild_Pre_A_Crash4_R1.fastq.gz,SRR15066682_1.fastq.gz,Trimmed/HPLOH_Crash_Wild_Pre_A_Crash4_R1_trimmed.fastq.gz,Filtered/HPLOH_Crash_Wild_Pre_A_Crash4_R1_filtered.fastq.gz,Derep/HPLOH_Crash_Wild_Pre_A_Crash4_R1_derep.fastq.gz
HPLOH_Crash_Wild_Pre_A_Crash4,Crash,Wild,Pre,A,Crash4,SRR15066682,2,HPLOH_Crash_Wild_Pre_A_Crash4_R2,SRR15066682_2,HPLOH_Crash_Wild_Pre_A_Crash4_R2.fastq.gz,SRR15066682_2.fastq.gz,Trimmed/HPLOH_Crash_Wild_Pre_A_Crash4_R2_trimmed.fastq.gz,Filtered/HPLOH_Crash_Wild_Pre_A_Crash4_R2_filtered.fastq.gz,Derep/HPLOH_Crash_Wild_Pre_A_Crash4_R2_derep.fastq.gz
HPLOH_NoCrash_Aqua_Starve_C_NoCrash,NoCrash,Aqua,Starve,C,NoCrash,SRR15066683,1,HPLOH_NoCrash_Aqua_Starve_C_NoCrash_R1,SRR15066683_1,HPLOH_NoCrash_Aqua_Starve_C_NoCrash_R1.fastq.gz,SRR15066683_1.fastq.gz,Trimmed/HPLOH_NoCrash_Aqua_Starve_C_NoCrash_R1_trimmed.fastq.gz,Filtered/HPLOH_NoCrash_Aqua_Starve_C_NoCrash_R1_filtered.fastq.gz,Derep/HPLOH_NoCrash_Aqua_Starve_C_NoCrash_R1_derep.fastq.gz
HPLOH_NoCrash_Aqua_Starve_C_NoCrash,NoCrash,Aqua,Starve,C,NoCrash,SRR15066683,2,HPLOH_NoCrash_Aqua_Starve_C_NoCrash_R2,SRR15066683_2,HPLOH_NoCrash_Aqua_Starve_C_NoCrash_R2.fastq.gz,SRR15066683_2.fastq.gz,Trimmed/HPLOH_NoCrash_Aqua_Starve_C_NoCrash_R2_trimmed.fastq.gz,Filtered/HPLOH_NoCrash_Aqua_Starve_C_NoCrash_R2_filtered.fastq.gz,Derep/HPLOH_NoCrash_Aqua_Starve_C_NoCrash_R2_derep.fastq.gz
HPLOH_NoCrash_Aqua_Starve_A_NoCrash,NoCrash,Aqua,Starve,A,NoCrash,SRR15066685,1,HPLOH_NoCrash_Aqua_Starve_A_NoCrash_R1,SRR15066685_1,HPLOH_NoCrash_Aqua_Starve_A_NoCrash_R1.fastq.gz,SRR15066685_1.fastq.gz,Trimmed/HPLOH_NoCrash_Aqua_Starve_A_NoCrash_R1_trimmed.fastq.gz,Filtered/HPLOH_NoCrash_Aqua_Starve_A_NoCrash_R1_filtered.fastq.gz,Derep/HPLOH_NoCrash_Aqua_Starve_A_NoCrash_R1_derep.fastq.gz
HPLOH_NoCrash_Aqua_Starve_A_NoCrash,NoCrash,Aqua,Starve,A,NoCrash,SRR15066685,2,HPLOH_NoCrash_Aqua_Starve_A_NoCrash_R2,SRR15066685_2,HPLOH_NoCrash_Aqua_Starve_A_NoCrash_R2.fastq.gz,SRR15066685_2.fastq.gz,Trimmed/HPLOH_NoCrash_Aqua_Starve_A_NoCrash_R2_trimmed.fastq.gz,Filtered/HPLOH_NoCrash_Aqua_Starve_A_NoCrash_R2_filtered.fastq.gz,Derep/HPLOH_NoCrash_Aqua_Starve_A_NoCrash_R2_derep.fastq.gz
HPLOH_NoCrash_Aqua_Fed_A_NoCrash,NoCrash,Aqua,Fed,A,NoCrash,SRR15066688,1,HPLOH_NoCrash_Aqua_Fed_A_NoCrash_R1,SRR15066688_1,HPLOH_NoCrash_Aqua_Fed_A_NoCrash_R1.fastq.gz,SRR15066688_1.fastq.gz,Trimmed/HPLOH_NoCrash_Aqua_Fed_A_NoCrash_R1_trimmed.fastq.gz,Filtered/HPLOH_NoCrash_Aqua_Fed_A_NoCrash_R1_filtered.fastq.gz,Derep/HPLOH_NoCrash_Aqua_Fed_A_NoCrash_R1_derep.fastq.gz
HPLOH_NoCrash_Aqua_Fed_A_NoCrash,NoCrash,Aqua,Fed,A,NoCrash,SRR15066688,2,HPLOH_NoCrash_Aqua_Fed_A_NoCrash_R2,SRR15066688_2,HPLOH_NoCrash_Aqua_Fed_A_NoCrash_R2.fastq.gz,SRR15066688_2.fastq.gz,Trimmed/HPLOH_NoCrash_Aqua_Fed_A_NoCrash_R2_trimmed.fastq.gz,Filtered/HPLOH_NoCrash_Aqua_Fed_A_NoCrash_R2_filtered.fastq.gz,Derep/HPLOH_NoCrash_Aqua_Fed_A_NoCrash_R2_derep.fastq.gz
HPLOH_NoCrash_Wild_Starve_A_NoCrash,NoCrash,Wild,Starve,A,NoCrash,SRR15066691,1,HPLOH_NoCrash_Wild_Starve_A_NoCrash_R1,SRR15066691_1,HPLOH_NoCrash_Wild_Starve_A_NoCrash_R1.fastq.gz,SRR15066691_1.fastq.gz,Trimmed/HPLOH_NoCrash_Wild_Starve_A_NoCrash_R1_trimmed.fastq.gz,Filtered/HPLOH_NoCrash_Wild_Starve_A_NoCrash_R1_filtered.fastq.gz,Derep/HPLOH_NoCrash_Wild_Starve_A_NoCrash_R1_derep.fastq.gz
HPLOH_NoCrash_Wild_Starve_A_NoCrash,NoCrash,Wild,Starve,A,NoCrash,SRR15066691,2,HPLOH_NoCrash_Wild_Starve_A_NoCrash_R2,SRR15066691_2,HPLOH_NoCrash_Wild_Starve_A_NoCrash_R2.fastq.gz,SRR15066691_2.fastq.gz,Trimmed/HPLOH_NoCrash_Wild_Starve_A_NoCrash_R2_trimmed.fastq.gz,Filtered/HPLOH_NoCrash_Wild_Starve_A_NoCrash_R2_filtered.fastq.gz,Derep/HPLOH_NoCrash_Wild_Starve_A_NoCrash_R2_derep.fastq.gz
HPLOH_NoCrash_Wild_Fed_C_NoCrash,NoCrash,Wild,Fed,C,NoCrash,SRR15066693,1,HPLOH_NoCrash_Wild_Fed_C_NoCrash_R1,SRR15066693_1,HPLOH_NoCrash_Wild_Fed_C_NoCrash_R1.fastq.gz,SRR15066693_1.fastq.gz,Trimmed/HPLOH_NoCrash_Wild_Fed_C_NoCrash_R1_trimmed.fastq.gz,Filtered/HPLOH_NoCrash_Wild_Fed_C_NoCrash_R1_filtered.fastq.gz,Derep/HPLOH_NoCrash_Wild_Fed_C_NoCrash_R1_derep.fastq.gz
HPLOH_NoCrash_Wild_Fed_C_NoCrash,NoCrash,Wild,Fed,C,NoCrash,SRR15066693,2,HPLOH_NoCrash_Wild_Fed_C_NoCrash_R2,SRR15066693_2,HPLOH_NoCrash_Wild_Fed_C_NoCrash_R2.fastq.gz,SRR15066693_2.fastq.gz,Trimmed/HPLOH_NoCrash_Wild_Fed_C_NoCrash_R2_trimmed.fastq.gz,Filtered/HPLOH_NoCrash_Wild_Fed_C_NoCrash_R2_filtered.fastq.gz,Derep/HPLOH_NoCrash_Wild_Fed_C_NoCrash_R2_derep.fastq.gz
HPLOH_NoCrash_Wild_Fed_B_NoCrash,NoCrash,Wild,Fed,B,NoCrash,SRR15066694,1,HPLOH_NoCrash_Wild_Fed_B_NoCrash_R1,SRR15066694_1,HPLOH_NoCrash_Wild_Fed_B_NoCrash_R1.fastq.gz,SRR15066694_1.fastq.gz,Trimmed/HPLOH_NoCrash_Wild_Fed_B_NoCrash_R1_trimmed.fastq.gz,Filtered/HPLOH_NoCrash_Wild_Fed_B_NoCrash_R1_filtered.fastq.gz,Derep/HPLOH_NoCrash_Wild_Fed_B_NoCrash_R1_derep.fastq.gz
HPLOH_NoCrash_Wild_Fed_B_NoCrash,NoCrash,Wild,Fed,B,NoCrash,SRR15066694,2,HPLOH_NoCrash_Wild_Fed_B_NoCrash_R2,SRR15066694_2,HPLOH_NoCrash_Wild_Fed_B_NoCrash_R2.fastq.gz,SRR15066694_2.fastq.gz,Trimmed/HPLOH_NoCrash_Wild_Fed_B_NoCrash_R2_trimmed.fastq.gz,Filtered/HPLOH_NoCrash_Wild_Fed_B_NoCrash_R2_filtered.fastq.gz,Derep/HPLOH_NoCrash_Wild_Fed_B_NoCrash_R2_derep.fastq.gz
HPLOH_Crash_NEH_Starve_B_Crash4,Crash,NEH,Starve,B,Crash4,SRR15066697,1,HPLOH_Crash_NEH_Starve_B_Crash4_R1,SRR15066697_1,HPLOH_Crash_NEH_Starve_B_Crash4_R1.fastq.gz,SRR15066697_1.fastq.gz,Trimmed/HPLOH_Crash_NEH_Starve_B_Crash4_R1_trimmed.fastq.gz,Filtered/HPLOH_Crash_NEH_Starve_B_Crash4_R1_filtered.fastq.gz,Derep/HPLOH_Crash_NEH_Starve_B_Crash4_R1_derep.fastq.gz
HPLOH_Crash_NEH_Starve_B_Crash4,Crash,NEH,Starve,B,Crash4,SRR15066697,2,HPLOH_Crash_NEH_Starve_B_Crash4_R2,SRR15066697_2,HPLOH_Crash_NEH_Starve_B_Crash4_R2.fastq.gz,SRR15066697_2.fastq.gz,Trimmed/HPLOH_Crash_NEH_Starve_B_Crash4_R2_trimmed.fastq.gz,Filtered/HPLOH_Crash_NEH_Starve_B_Crash4_R2_filtered.fastq.gz,Derep/HPLOH_Crash_NEH_Starve_B_Crash4_R2_derep.fastq.gz
HPLOH_Crash_NEH_Pre_C_Crash4,Crash,NEH,Pre,C,Crash4,SRR15066698,1,HPLOH_Crash_NEH_Pre_C_Crash4_R1,SRR15066698_1,HPLOH_Crash_NEH_Pre_C_Crash4_R1.fastq.gz,SRR15066698_1.fastq.gz,Trimmed/HPLOH_Crash_NEH_Pre_C_Crash4_R1_trimmed.fastq.gz,Filtered/HPLOH_Crash_NEH_Pre_C_Crash4_R1_filtered.fastq.gz,Derep/HPLOH_Crash_NEH_Pre_C_Crash4_R1_derep.fastq.gz
HPLOH_Crash_NEH_Pre_C_Crash4,Crash,NEH,Pre,C,Crash4,SRR15066698,2,HPLOH_Crash_NEH_Pre_C_Crash4_R2,SRR15066698_2,HPLOH_Crash_NEH_Pre_C_Crash4_R2.fastq.gz,SRR15066698_2.fastq.gz,Trimmed/HPLOH_Crash_NEH_Pre_C_Crash4_R2_trimmed.fastq.gz,Filtered/HPLOH_Crash_NEH_Pre_C_Crash4_R2_filtered.fastq.gz,Derep/HPLOH_Crash_NEH_Pre_C_Crash4_R2_derep.fastq.gz
HPLOH_Crash_NEH_Pre_A_Crash4,Crash,NEH,Pre,A,Crash4,SRR15066700,1,HPLOH_Crash_NEH_Pre_A_Crash4_R1,SRR15066700_1,HPLOH_Crash_NEH_Pre_A_Crash4_R1.fastq.gz,SRR15066700_1.fastq.gz,Trimmed/HPLOH_Crash_NEH_Pre_A_Crash4_R1_trimmed.fastq.gz,Filtered/HPLOH_Crash_NEH_Pre_A_Crash4_R1_filtered.fastq.gz,Derep/HPLOH_Crash_NEH_Pre_A_Crash4_R1_derep.fastq.gz
HPLOH_Crash_NEH_Pre_A_Crash4,Crash,NEH,Pre,A,Crash4,SRR15066700,2,HPLOH_Crash_NEH_Pre_A_Crash4_R2,SRR15066700_2,HPLOH_Crash_NEH_Pre_A_Crash4_R2.fastq.gz,SRR15066700_2.fastq.gz,Trimmed/HPLOH_Crash_NEH_Pre_A_Crash4_R2_trimmed.fastq.gz,Filtered/HPLOH_Crash_NEH_Pre_A_Crash4_R2_filtered.fastq.gz,Derep/HPLOH_Crash_NEH_Pre_A_Crash4_R2_derep.fastq.gz
HPLOH_Crash_Wild_Pre_C_Crash4,Crash,Wild,Pre,C,Crash4,SRR15066675,1,HPLOH_Crash_Wild_Pre_C_Crash4_R1,SRR15066675_1,HPLOH_Crash_Wild_Pre_C_Crash4_R1.fastq.gz,SRR15066675_1.fastq.gz,Trimmed/HPLOH_Crash_Wild_Pre_C_Crash4_R1_trimmed.fastq.gz,Filtered/HPLOH_Crash_Wild_Pre_C_Crash4_R1_filtered.fastq.gz,Derep/HPLOH_Crash_Wild_Pre_C_Crash4_R1_derep.fastq.gz
HPLOH_Crash_Wild_Pre_C_Crash4,Crash,Wild,Pre,C,Crash4,SRR15066675,2,HPLOH_Crash_Wild_Pre_C_Crash4_R2,SRR15066675_2,HPLOH_Crash_Wild_Pre_C_Crash4_R2.fastq.gz,SRR15066675_2.fastq.gz,Trimmed/HPLOH_Crash_Wild_Pre_C_Crash4_R2_trimmed.fastq.gz,Filtered/HPLOH_Crash_Wild_Pre_C_Crash4_R2_filtered.fastq.gz,Derep/HPLOH_Crash_Wild_Pre_C_Crash4_R2_derep.fastq.gz
HPLOH_Crash_Wild_Pre_B_Crash4,Crash,Wild,Pre,B,Crash4,SRR15066676,1,HPLOH_Crash_Wild_Pre_B_Crash4_R1,SRR15066676_1,HPLOH_Crash_Wild_Pre_B_Crash4_R1.fastq.gz,SRR15066676_1.fastq.gz,Trimmed/HPLOH_Crash_Wild_Pre_B_Crash4_R1_trimmed.fastq.gz,Filtered/HPLOH_Crash_Wild_Pre_B_Crash4_R1_filtered.fastq.gz,Derep/HPLOH_Crash_Wild_Pre_B_Crash4_R1_derep.fastq.gz
HPLOH_Crash_Wild_Pre_B_Crash4,Crash,Wild,Pre,B,Crash4,SRR15066676,2,HPLOH_Crash_Wild_Pre_B_Crash4_R2,SRR15066676_2,HPLOH_Crash_Wild_Pre_B_Crash4_R2.fastq.gz,SRR15066676_2.fastq.gz,Trimmed/HPLOH_Crash_Wild_Pre_B_Crash4_R2_trimmed.fastq.gz,Filtered/HPLOH_Crash_Wild_Pre_B_Crash4_R2_filtered.fastq.gz,Derep/HPLOH_Crash_Wild_Pre_B_Crash4_R2_derep.fastq.gz
HPLOH_Blank_NA_NA_3MAR2020_Crash4,Blank,"NA","NA",3MAR2020,Crash4,SRR15066677,1,HPLOH_Blank_NA_NA_3MAR2020_Crash4_R1,SRR15066677_1,HPLOH_Blank_NA_NA_3MAR2020_Crash4_R1.fastq.gz,SRR15066677_1.fastq.gz,Trimmed/HPLOH_Blank_NA_NA_3MAR2020_Crash4_R1_trimmed.fastq.gz,Filtered/HPLOH_Blank_NA_NA_3MAR2020_Crash4_R1_filtered.fastq.gz,Derep/HPLOH_Blank_NA_NA_3MAR2020_Crash4_R1_derep.fastq.gz
HPLOH_Blank_NA_NA_3MAR2020_Crash4,Blank,"NA","NA",3MAR2020,Crash4,SRR15066677,2,HPLOH_Blank_NA_NA_3MAR2020_Crash4_R2,SRR15066677_2,HPLOH_Blank_NA_NA_3MAR2020_Crash4_R2.fastq.gz,SRR15066677_2.fastq.gz,Trimmed/HPLOH_Blank_NA_NA_3MAR2020_Crash4_R2_trimmed.fastq.gz,Filtered/HPLOH_Blank_NA_NA_3MAR2020_Crash4_R2_filtered.fastq.gz,Derep/HPLOH_Blank_NA_NA_3MAR2020_Crash4_R2_derep.fastq.gz
HPLOH_Blank_NA_NA_26FEB2020_Crash4,Blank,"NA","NA",26FEB2020,Crash4,SRR15066678,1,HPLOH_Blank_NA_NA_26FEB2020_Crash4_R1,SRR15066678_1,HPLOH_Blank_NA_NA_26FEB2020_Crash4_R1.fastq.gz,SRR15066678_1.fastq.gz,Trimmed/HPLOH_Blank_NA_NA_26FEB2020_Crash4_R1_trimmed.fastq.gz,Filtered/HPLOH_Blank_NA_NA_26FEB2020_Crash4_R1_filtered.fastq.gz,Derep/HPLOH_Blank_NA_NA_26FEB2020_Crash4_R1_derep.fastq.gz
HPLOH_Blank_NA_NA_26FEB2020_Crash4,Blank,"NA","NA",26FEB2020,Crash4,SRR15066678,2,HPLOH_Blank_NA_NA_26FEB2020_Crash4_R2,SRR15066678_2,HPLOH_Blank_NA_NA_26FEB2020_Crash4_R2.fastq.gz,SRR15066678_2.fastq.gz,Trimmed/HPLOH_Blank_NA_NA_26FEB2020_Crash4_R2_trimmed.fastq.gz,Filtered/HPLOH_Blank_NA_NA_26FEB2020_Crash4_R2_filtered.fastq.gz,Derep/HPLOH_Blank_NA_NA_26FEB2020_Crash4_R2_derep.fastq.gz
HPLOH_Crash_NEH_Fed_A_Crash4,Crash,NEH,Fed,A,Crash4,SRR15066671,1,HPLOH_Crash_NEH_Fed_A_Crash4_R1,SRR15066671_1,HPLOH_Crash_NEH_Fed_A_Crash4_R1.fastq.gz,SRR15066671_1.fastq.gz,Trimmed/HPLOH_Crash_NEH_Fed_A_Crash4_R1_trimmed.fastq.gz,Filtered/HPLOH_Crash_NEH_Fed_A_Crash4_R1_filtered.fastq.gz,Derep/HPLOH_Crash_NEH_Fed_A_Crash4_R1_derep.fastq.gz
HPLOH_Crash_NEH_Fed_A_Crash4,Crash,NEH,Fed,A,Crash4,SRR15066671,2,HPLOH_Crash_NEH_Fed_A_Crash4_R2,SRR15066671_2,HPLOH_Crash_NEH_Fed_A_Crash4_R2.fastq.gz,SRR15066671_2.fastq.gz,Trimmed/HPLOH_Crash_NEH_Fed_A_Crash4_R2_trimmed.fastq.gz,Filtered/HPLOH_Crash_NEH_Fed_A_Crash4_R2_filtered.fastq.gz,Derep/HPLOH_Crash_NEH_Fed_A_Crash4_R2_derep.fastq.gz
HPLOH_Mock_Staggered_NA__NoCrash,Mock,Staggered,"NA",,NoCrash,SRR15066679,1,HPLOH_Mock_Staggered_NA__NoCrash_R1,SRR15066679_1,HPLOH_Mock_Staggered_NA__NoCrash_R1.fastq.gz,SRR15066679_1.fastq.gz,Trimmed/HPLOH_Mock_Staggered_NA__NoCrash_R1_trimmed.fastq.gz,Filtered/HPLOH_Mock_Staggered_NA__NoCrash_R1_filtered.fastq.gz,Derep/HPLOH_Mock_Staggered_NA__NoCrash_R1_derep.fastq.gz
HPLOH_Mock_Staggered_NA__NoCrash,Mock,Staggered,"NA",,NoCrash,SRR15066679,2,HPLOH_Mock_Staggered_NA__NoCrash_R2,SRR15066679_2,HPLOH_Mock_Staggered_NA__NoCrash_R2.fastq.gz,SRR15066679_2.fastq.gz,Trimmed/HPLOH_Mock_Staggered_NA__NoCrash_R2_trimmed.fastq.gz,Filtered/HPLOH_Mock_Staggered_NA__NoCrash_R2_filtered.fastq.gz,Derep/HPLOH_Mock_Staggered_NA__NoCrash_R2_derep.fastq.gz
HPLOH_NoCrash_Aqua_Starve_B_NoCrash,NoCrash,Aqua,Starve,B,NoCrash,SRR15066684,1,HPLOH_NoCrash_Aqua_Starve_B_NoCrash_R1,SRR15066684_1,HPLOH_NoCrash_Aqua_Starve_B_NoCrash_R1.fastq.gz,SRR15066684_1.fastq.gz,Trimmed/HPLOH_NoCrash_Aqua_Starve_B_NoCrash_R1_trimmed.fastq.gz,Filtered/HPLOH_NoCrash_Aqua_Starve_B_NoCrash_R1_filtered.fastq.gz,Derep/HPLOH_NoCrash_Aqua_Starve_B_NoCrash_R1_derep.fastq.gz
HPLOH_NoCrash_Aqua_Starve_B_NoCrash,NoCrash,Aqua,Starve,B,NoCrash,SRR15066684,2,HPLOH_NoCrash_Aqua_Starve_B_NoCrash_R2,SRR15066684_2,HPLOH_NoCrash_Aqua_Starve_B_NoCrash_R2.fastq.gz,SRR15066684_2.fastq.gz,Trimmed/HPLOH_NoCrash_Aqua_Starve_B_NoCrash_R2_trimmed.fastq.gz,Filtered/HPLOH_NoCrash_Aqua_Starve_B_NoCrash_R2_filtered.fastq.gz,Derep/HPLOH_NoCrash_Aqua_Starve_B_NoCrash_R2_derep.fastq.gz
HPLOH_Crash_Wild_Fed_C_Crash4,Crash,Wild,Fed,C,Crash4,SRR15066692,1,HPLOH_Crash_Wild_Fed_C_Crash4_R1,SRR15066692_1,HPLOH_Crash_Wild_Fed_C_Crash4_R1.fastq.gz,SRR15066692_1.fastq.gz,Trimmed/HPLOH_Crash_Wild_Fed_C_Crash4_R1_trimmed.fastq.gz,Filtered/HPLOH_Crash_Wild_Fed_C_Crash4_R1_filtered.fastq.gz,Derep/HPLOH_Crash_Wild_Fed_C_Crash4_R1_derep.fastq.gz
HPLOH_Crash_Wild_Fed_C_Crash4,Crash,Wild,Fed,C,Crash4,SRR15066692,2,HPLOH_Crash_Wild_Fed_C_Crash4_R2,SRR15066692_2,HPLOH_Crash_Wild_Fed_C_Crash4_R2.fastq.gz,SRR15066692_2.fastq.gz,Trimmed/HPLOH_Crash_Wild_Fed_C_Crash4_R2_trimmed.fastq.gz,Filtered/HPLOH_Crash_Wild_Fed_C_Crash4_R2_filtered.fastq.gz,Derep/HPLOH_Crash_Wild_Fed_C_Crash4_R2_derep.fastq.gz
HPLOH_Crash_NEH_Fed_C_Crash4,Crash,NEH,Fed,C,Crash4,SRR15066701,1,HPLOH_Crash_NEH_Fed_C_Crash4_R1,SRR15066701_1,HPLOH_Crash_NEH_Fed_C_Crash4_R1.fastq.gz,SRR15066701_1.fastq.gz,Trimmed/HPLOH_Crash_NEH_Fed_C_Crash4_R1_trimmed.fastq.gz,Filtered/HPLOH_Crash_NEH_Fed_C_Crash4_R1_filtered.fastq.gz,Derep/HPLOH_Crash_NEH_Fed_C_Crash4_R1_derep.fastq.gz
HPLOH_Crash_NEH_Fed_C_Crash4,Crash,NEH,Fed,C,Crash4,SRR15066701,2,HPLOH_Crash_NEH_Fed_C_Crash4_R2,SRR15066701_2,HPLOH_Crash_NEH_Fed_C_Crash4_R2.fastq.gz,SRR15066701_2.fastq.gz,Trimmed/HPLOH_Crash_NEH_Fed_C_Crash4_R2_trimmed.fastq.gz,Filtered/HPLOH_Crash_NEH_Fed_C_Crash4_R2_filtered.fastq.gz,Derep/HPLOH_Crash_NEH_Fed_C_Crash4_R2_derep.fastq.gz
HPLOH_Crash_Wild_Fed_B_Crash4,Crash,Wild,Fed,B,Crash4,SRR15066703,1,HPLOH_Crash_Wild_Fed_B_Crash4_R1,SRR15066703_1,HPLOH_Crash_Wild_Fed_B_Crash4_R1.fastq.gz,SRR15066703_1.fastq.gz,Trimmed/HPLOH_Crash_Wild_Fed_B_Crash4_R1_trimmed.fastq.gz,Filtered/HPLOH_Crash_Wild_Fed_B_Crash4_R1_filtered.fastq.gz,Derep/HPLOH_Crash_Wild_Fed_B_Crash4_R1_derep.fastq.gz
HPLOH_Crash_Wild_Fed_B_Crash4,Crash,Wild,Fed,B,Crash4,SRR15066703,2,HPLOH_Crash_Wild_Fed_B_Crash4_R2,SRR15066703_2,HPLOH_Crash_Wild_Fed_B_Crash4_R2.fastq.gz,SRR15066703_2.fastq.gz,Trimmed/HPLOH_Crash_Wild_Fed_B_Crash4_R2_trimmed.fastq.gz,Filtered/HPLOH_Crash_Wild_Fed_B_Crash4_R2_filtered.fastq.gz,Derep/HPLOH_Crash_Wild_Fed_B_Crash4_R2_derep.fastq.gz
HPLOH_NoCrash_Aqua_Fed_C_NoCrash,NoCrash,Aqua,Fed,C,NoCrash,SRR15066686,1,HPLOH_NoCrash_Aqua_Fed_C_NoCrash_R1,SRR15066686_1,HPLOH_NoCrash_Aqua_Fed_C_NoCrash_R1.fastq.gz,SRR15066686_1.fastq.gz,Trimmed/HPLOH_NoCrash_Aqua_Fed_C_NoCrash_R1_trimmed.fastq.gz,Filtered/HPLOH_NoCrash_Aqua_Fed_C_NoCrash_R1_filtered.fastq.gz,Derep/HPLOH_NoCrash_Aqua_Fed_C_NoCrash_R1_derep.fastq.gz
HPLOH_NoCrash_Aqua_Fed_C_NoCrash,NoCrash,Aqua,Fed,C,NoCrash,SRR15066686,2,HPLOH_NoCrash_Aqua_Fed_C_NoCrash_R2,SRR15066686_2,HPLOH_NoCrash_Aqua_Fed_C_NoCrash_R2.fastq.gz,SRR15066686_2.fastq.gz,Trimmed/HPLOH_NoCrash_Aqua_Fed_C_NoCrash_R2_trimmed.fastq.gz,Filtered/HPLOH_NoCrash_Aqua_Fed_C_NoCrash_R2_filtered.fastq.gz,Derep/HPLOH_NoCrash_Aqua_Fed_C_NoCrash_R2_derep.fastq.gz
HPLOH_NoCrash_Aqua_Fed_B_NoCrash,NoCrash,Aqua,Fed,B,NoCrash,SRR15066687,1,HPLOH_NoCrash_Aqua_Fed_B_NoCrash_R1,SRR15066687_1,HPLOH_NoCrash_Aqua_Fed_B_NoCrash_R1.fastq.gz,SRR15066687_1.fastq.gz,Trimmed/HPLOH_NoCrash_Aqua_Fed_B_NoCrash_R1_trimmed.fastq.gz,Filtered/HPLOH_NoCrash_Aqua_Fed_B_NoCrash_R1_filtered.fastq.gz,Derep/HPLOH_NoCrash_Aqua_Fed_B_NoCrash_R1_derep.fastq.gz
HPLOH_NoCrash_Aqua_Fed_B_NoCrash,NoCrash,Aqua,Fed,B,NoCrash,SRR15066687,2,HPLOH_NoCrash_Aqua_Fed_B_NoCrash_R2,SRR15066687_2,HPLOH_NoCrash_Aqua_Fed_B_NoCrash_R2.fastq.gz,SRR15066687_2.fastq.gz,Trimmed/HPLOH_NoCrash_Aqua_Fed_B_NoCrash_R2_trimmed.fastq.gz,Filtered/HPLOH_NoCrash_Aqua_Fed_B_NoCrash_R2_filtered.fastq.gz,Derep/HPLOH_NoCrash_Aqua_Fed_B_NoCrash_R2_derep.fastq.gz
HPLOH_Crash_Wild_Starve_A_Crash4,Crash,Wild,Starve,A,Crash4,SRR15066674,1,HPLOH_Crash_Wild_Starve_A_Crash4_R1,SRR15066674_1,HPLOH_Crash_Wild_Starve_A_Crash4_R1.fastq.gz,SRR15066674_1.fastq.gz,Trimmed/HPLOH_Crash_Wild_Starve_A_Crash4_R1_trimmed.fastq.gz,Filtered/HPLOH_Crash_Wild_Starve_A_Crash4_R1_filtered.fastq.gz,Derep/HPLOH_Crash_Wild_Starve_A_Crash4_R1_derep.fastq.gz
HPLOH_Crash_Wild_Starve_A_Crash4,Crash,Wild,Starve,A,Crash4,SRR15066674,2,HPLOH_Crash_Wild_Starve_A_Crash4_R2,SRR15066674_2,HPLOH_Crash_Wild_Starve_A_Crash4_R2.fastq.gz,SRR15066674_2.fastq.gz,Trimmed/HPLOH_Crash_Wild_Starve_A_Crash4_R2_trimmed.fastq.gz,Filtered/HPLOH_Crash_Wild_Starve_A_Crash4_R2_filtered.fastq.gz,Derep/HPLOH_Crash_Wild_Starve_A_Crash4_R2_derep.fastq.gz
HPLOH_NoCrash_Wild_Fed_A_NoCrash,NoCrash,Wild,Fed,A,NoCrash,SRR15066695,1,HPLOH_NoCrash_Wild_Fed_A_NoCrash_R1,SRR15066695_1,HPLOH_NoCrash_Wild_Fed_A_NoCrash_R1.fastq.gz,SRR15066695_1.fastq.gz,Trimmed/HPLOH_NoCrash_Wild_Fed_A_NoCrash_R1_trimmed.fastq.gz,Filtered/HPLOH_NoCrash_Wild_Fed_A_NoCrash_R1_filtered.fastq.gz,Derep/HPLOH_NoCrash_Wild_Fed_A_NoCrash_R1_derep.fastq.gz
HPLOH_NoCrash_Wild_Fed_A_NoCrash,NoCrash,Wild,Fed,A,NoCrash,SRR15066695,2,HPLOH_NoCrash_Wild_Fed_A_NoCrash_R2,SRR15066695_2,HPLOH_NoCrash_Wild_Fed_A_NoCrash_R2.fastq.gz,SRR15066695_2.fastq.gz,Trimmed/HPLOH_NoCrash_Wild_Fed_A_NoCrash_R2_trimmed.fastq.gz,Filtered/HPLOH_NoCrash_Wild_Fed_A_NoCrash_R2_filtered.fastq.gz,Derep/HPLOH_NoCrash_Wild_Fed_A_NoCrash_R2_derep.fastq.gz
HPLOH_Crash_NEH_Pre_B_Crash4,Crash,NEH,Pre,B,Crash4,SRR15066699,1,HPLOH_Crash_NEH_Pre_B_Crash4_R1,SRR15066699_1,HPLOH_Crash_NEH_Pre_B_Crash4_R1.fastq.gz,SRR15066699_1.fastq.gz,Trimmed/HPLOH_Crash_NEH_Pre_B_Crash4_R1_trimmed.fastq.gz,Filtered/HPLOH_Crash_NEH_Pre_B_Crash4_R1_filtered.fastq.gz,Derep/HPLOH_Crash_NEH_Pre_B_Crash4_R1_derep.fastq.gz
HPLOH_Crash_NEH_Pre_B_Crash4,Crash,NEH,Pre,B,Crash4,SRR15066699,2,HPLOH_Crash_NEH_Pre_B_Crash4_R2,SRR15066699_2,HPLOH_Crash_NEH_Pre_B_Crash4_R2.fastq.gz,SRR15066699_2.fastq.gz,Trimmed/HPLOH_Crash_NEH_Pre_B_Crash4_R2_trimmed.fastq.gz,Filtered/HPLOH_Crash_NEH_Pre_B_Crash4_R2_filtered.fastq.gz,Derep/HPLOH_Crash_NEH_Pre_B_Crash4_R2_derep.fastq.gz
HPLOH_NoCrash_Wild_Fed_A_Crash4,NoCrash,Wild,Fed,A,Crash4,SRR15066704,1,HPLOH_NoCrash_Wild_Fed_A_Crash4_R1,SRR15066704_1,HPLOH_NoCrash_Wild_Fed_A_Crash4_R1.fastq.gz,SRR15066704_1.fastq.gz,Trimmed/HPLOH_NoCrash_Wild_Fed_A_Crash4_R1_trimmed.fastq.gz,Filtered/HPLOH_NoCrash_Wild_Fed_A_Crash4_R1_filtered.fastq.gz,Derep/HPLOH_NoCrash_Wild_Fed_A_Crash4_R1_derep.fastq.gz
HPLOH_NoCrash_Wild_Fed_A_Crash4,NoCrash,Wild,Fed,A,Crash4,SRR15066704,2,HPLOH_NoCrash_Wild_Fed_A_Crash4_R2,SRR15066704_2,HPLOH_NoCrash_Wild_Fed_A_Crash4_R2.fastq.gz,SRR15066704_2.fastq.gz,Trimmed/HPLOH_NoCrash_Wild_Fed_A_Crash4_R2_trimmed.fastq.gz,Filtered/HPLOH_NoCrash_Wild_Fed_A_Crash4_R2_filtered.fastq.gz,Derep/HPLOH_NoCrash_Wild_Fed_A_Crash4_R2_derep.fastq.gz
HPLOH_NoCrash_Wild_Starve_C_NoCrash,NoCrash,Wild,Starve,C,NoCrash,SRR15066689,1,HPLOH_NoCrash_Wild_Starve_C_NoCrash_R1,SRR15066689_1,HPLOH_NoCrash_Wild_Starve_C_NoCrash_R1.fastq.gz,SRR15066689_1.fastq.gz,Trimmed/HPLOH_NoCrash_Wild_Starve_C_NoCrash_R1_trimmed.fastq.gz,Filtered/HPLOH_NoCrash_Wild_Starve_C_NoCrash_R1_filtered.fastq.gz,Derep/HPLOH_NoCrash_Wild_Starve_C_NoCrash_R1_derep.fastq.gz
HPLOH_NoCrash_Wild_Starve_C_NoCrash,NoCrash,Wild,Starve,C,NoCrash,SRR15066689,2,HPLOH_NoCrash_Wild_Starve_C_NoCrash_R2,SRR15066689_2,HPLOH_NoCrash_Wild_Starve_C_NoCrash_R2.fastq.gz,SRR15066689_2.fastq.gz,Trimmed/HPLOH_NoCrash_Wild_Starve_C_NoCrash_R2_trimmed.fastq.gz,Filtered/HPLOH_NoCrash_Wild_Starve_C_NoCrash_R2_filtered.fastq.gz,Derep/HPLOH_NoCrash_Wild_Starve_C_NoCrash_R2_derep.fastq.gz
HPLOH_NoCrash_Wild_Starve_B_NoCrash,NoCrash,Wild,Starve,B,NoCrash,SRR15066690,1,HPLOH_NoCrash_Wild_Starve_B_NoCrash_R1,SRR15066690_1,HPLOH_NoCrash_Wild_Starve_B_NoCrash_R1.fastq.gz,SRR15066690_1.fastq.gz,Trimmed/HPLOH_NoCrash_Wild_Starve_B_NoCrash_R1_trimmed.fastq.gz,Filtered/HPLOH_NoCrash_Wild_Starve_B_NoCrash_R1_filtered.fastq.gz,Derep/HPLOH_NoCrash_Wild_Starve_B_NoCrash_R1_derep.fastq.gz
HPLOH_NoCrash_Wild_Starve_B_NoCrash,NoCrash,Wild,Starve,B,NoCrash,SRR15066690,2,HPLOH_NoCrash_Wild_Starve_B_NoCrash_R2,SRR15066690_2,HPLOH_NoCrash_Wild_Starve_B_NoCrash_R2.fastq.gz,SRR15066690_2.fastq.gz,Trimmed/HPLOH_NoCrash_Wild_Starve_B_NoCrash_R2_trimmed.fastq.gz,Filtered/HPLOH_NoCrash_Wild_Starve_B_NoCrash_R2_filtered.fastq.gz,Derep/HPLOH_NoCrash_Wild_Starve_B_NoCrash_R2_derep.fastq.gz
HPLOH_Crash_Wild_Starve_C_Crash4,Crash,Wild,Starve,C,Crash4,SRR15066672,1,HPLOH_Crash_Wild_Starve_C_Crash4_R1,SRR15066672_1,HPLOH_Crash_Wild_Starve_C_Crash4_R1.fastq.gz,SRR15066672_1.fastq.gz,Trimmed/HPLOH_Crash_Wild_Starve_C_Crash4_R1_trimmed.fastq.gz,Filtered/HPLOH_Crash_Wild_Starve_C_Crash4_R1_filtered.fastq.gz,Derep/HPLOH_Crash_Wild_Starve_C_Crash4_R1_derep.fastq.gz
HPLOH_Crash_Wild_Starve_C_Crash4,Crash,Wild,Starve,C,Crash4,SRR15066672,2,HPLOH_Crash_Wild_Starve_C_Crash4_R2,SRR15066672_2,HPLOH_Crash_Wild_Starve_C_Crash4_R2.fastq.gz,SRR15066672_2.fastq.gz,Trimmed/HPLOH_Crash_Wild_Starve_C_Crash4_R2_trimmed.fastq.gz,Filtered/HPLOH_Crash_Wild_Starve_C_Crash4_R2_filtered.fastq.gz,Derep/HPLOH_Crash_Wild_Starve_C_Crash4_R2_derep.fastq.gz
HPLOH_NoCrash_Wild_Starve_A_Crash4,NoCrash,Wild,Starve,A,Crash4,SRR15066702,1,HPLOH_NoCrash_Wild_Starve_A_Crash4_R1,SRR15066702_1,HPLOH_NoCrash_Wild_Starve_A_Crash4_R1.fastq.gz,SRR15066702_1.fastq.gz,Trimmed/HPLOH_NoCrash_Wild_Starve_A_Crash4_R1_trimmed.fastq.gz,Filtered/HPLOH_NoCrash_Wild_Starve_A_Crash4_R1_filtered.fastq.gz,Derep/HPLOH_NoCrash_Wild_Starve_A_Crash4_R1_derep.fastq.gz
HPLOH_NoCrash_Wild_Starve_A_Crash4,NoCrash,Wild,Starve,A,Crash4,SRR15066702,2,HPLOH_NoCrash_Wild_Starve_A_Crash4_R2,SRR15066702_2,HPLOH_NoCrash_Wild_Starve_A_Crash4_R2.fastq.gz,SRR15066702_2.fastq.gz,Trimmed/HPLOH_NoCrash_Wild_Starve_A_Crash4_R2_trimmed.fastq.gz,Filtered/HPLOH_NoCrash_Wild_Starve_A_Crash4_R2_filtered.fastq.gz,Derep/HPLOH_NoCrash_Wild_Starve_A_Crash4_R2_derep.fastq.gz
HPLOH_Crash_NEH_Starve_C_Crash4,Crash,NEH,Starve,C,Crash4,SRR15066696,1,HPLOH_Crash_NEH_Starve_C_Crash4_R1,SRR15066696_1,HPLOH_Crash_NEH_Starve_C_Crash4_R1.fastq.gz,SRR15066696_1.fastq.gz,Trimmed/HPLOH_Crash_NEH_Starve_C_Crash4_R1_trimmed.fastq.gz,Filtered/HPLOH_Crash_NEH_Starve_C_Crash4_R1_filtered.fastq.gz,Derep/HPLOH_Crash_NEH_Starve_C_Crash4_R1_derep.fastq.gz
HPLOH_Crash_NEH_Starve_C_Crash4,Crash,NEH,Starve,C,Crash4,SRR15066696,2,HPLOH_Crash_NEH_Starve_C_Crash4_R2,SRR15066696_2,HPLOH_Crash_NEH_Starve_C_Crash4_R2.fastq.gz,SRR15066696_2.fastq.gz,Trimmed/HPLOH_Crash_NEH_Starve_C_Crash4_R2_trimmed.fastq.gz,Filtered/HPLOH_Crash_NEH_Starve_C_Crash4_R2_filtered.fastq.gz,Derep/HPLOH_Crash_NEH_Starve_C_Crash4_R2_derep.fastq.gz
HPLOH_Mock_Even_NA__NoCrash,Mock,Even,"NA",,NoCrash,SRR15066680,1,HPLOH_Mock_Even_NA__NoCrash_R1,SRR15066680_1,HPLOH_Mock_Even_NA__NoCrash_R1.fastq.gz,SRR15066680_1.fastq.gz,Trimmed/HPLOH_Mock_Even_NA__NoCrash_R1_trimmed.fastq.gz,Filtered/HPLOH_Mock_Even_NA__NoCrash_R1_filtered.fastq.gz,Derep/HPLOH_Mock_Even_NA__NoCrash_R1_derep.fastq.gz
HPLOH_Mock_Even_NA__NoCrash,Mock,Even,"NA",,NoCrash,SRR15066680,2,HPLOH_Mock_Even_NA__NoCrash_R2,SRR15066680_2,HPLOH_Mock_Even_NA__NoCrash_R2.fastq.gz,SRR15066680_2.fastq.gz,Trimmed/HPLOH_Mock_Even_NA__NoCrash_R2_trimmed.fastq.gz,Filtered/HPLOH_Mock_Even_NA__NoCrash_R2_filtered.fastq.gz,Derep/HPLOH_Mock_Even_NA__NoCrash_R2_derep.fastq.gz
HPLOH_Crash_Wild_Fed_A_Crash4,Crash,Wild,Fed,A,Crash4,SRR15066705,1,HPLOH_Crash_Wild_Fed_A_Crash4_R1,SRR15066705_1,HPLOH_Crash_Wild_Fed_A_Crash4_R1.fastq.gz,SRR15066705_1.fastq.gz,Trimmed/HPLOH_Crash_Wild_Fed_A_Crash4_R1_trimmed.fastq.gz,Filtered/HPLOH_Crash_Wild_Fed_A_Crash4_R1_filtered.fastq.gz,Derep/HPLOH_Crash_Wild_Fed_A_Crash4_R1_derep.fastq.gz
HPLOH_Crash_Wild_Fed_A_Crash4,Crash,Wild,Fed,A,Crash4,SRR15066705,2,HPLOH_Crash_Wild_Fed_A_Crash4_R2,SRR15066705_2,HPLOH_Crash_Wild_Fed_A_Crash4_R2.fastq.gz,SRR15066705_2.fastq.gz,Trimmed/HPLOH_Crash_Wild_Fed_A_Crash4_R2_trimmed.fastq.gz,Filtered/HPLOH_Crash_Wild_Fed_A_Crash4_R2_filtered.fastq.gz,Derep/HPLOH_Crash_Wild_Fed_A_Crash4_R2_derep.fastq.gz
